Workbook

Sheet Pauta
D1: PAULTA FINAL
B3: =UPPER(Rascunho!B4) -> Nº | C3: =UPPER(Rascunho!C4) -> NOME | D3: =UPPER(Rascunho!D4) -> NOTA1 | E3: =UPPER(Rascunho!E4) -> NOTA2 | F3: =UPPER(Rascunho!F4) -> NOTA3 | G3: =UPPER(Rascunho!G4) -> MÉDIA | H3: =UPPER(Rascunho!H4) -> RESULTADO | I3: =UPPER(Rascunho!I4) -> DATA
B4: 1 | C4: =LOWER(Rascunho!C5) -> julieta rodrigues | D4: 10 | E4: 4 | F4: 6 | G4: =(D4+E4+F4)/3 -> 6.6666667 | H4: =IF(G4>=10,"APROVADO","REPROVADO") -> REPROVADO | I4: 45292
B5: =B4+1 -> 2 | C5: =LOWER(Rascunho!C6) -> ruth | D5: 12 | E5: 9 | F5: 20 | G5: =(D5+E5+F5)/3 -> 13.666667 | H5: =IF(G5>=10,"APROVADO","REPROVADO") -> APROVADO | I5: 45323
B6: =B5+1 -> 3 | C6: =LOWER(Rascunho!C7) -> maria | D6: 8 | E6: 7 | F6: 3 | G6: =(D6+E6+F6)/3 -> 6 | H6: =IF(G6>=10,"APROVADO","REPROVADO") -> REPROVADO | I6: 45705
B7: =B6+1 -> 4 | C7: =LOWER(Rascunho!C8) -> miguel gonsalves | D7: 17 | E7: 10 | F7: 10 | G7: =(D7+E7+F7)/3 -> 12.333333 | H7: =IF(G7>=10,"APROVADO","REPROVADO") -> APROVADO | I7: 45734
B8: =B7+1 -> 5 | C8: =LOWER(Rascunho!C9) -> patricia | D8: 4 | E8: 19 | F8: 6 | G8: =(D8+E8+F8)/3 -> 9.6666667 | H8: =IF(G8>=10,"APROVADO","REPROVADO") -> REPROVADO | I8: 45767
B9: =B8+1 -> 6 | C9: =LOWER(Rascunho!C10) -> marta fillipe | D9: 16 | E9: 9 | F9: 3 | G9: =(D9+E9+F9)/3 -> 9.3333333 | H9: =IF(G9>=10,"APROVADO","REPROVADO") -> REPROVADO | I9: 45768
B10: =B9+1 -> 7 | C10: =LOWER(Rascunho!C11) -> mauro | D10: 9 | E10: 7 | F10: 11 | G10: =(D10+E10+F10)/3 -> 9 | H10: =IF(G10>=10,"APROVADO","REPROVADO") -> REPROVADO | I10: 45769
B11: =B10+1 -> 8 | C11: =LOWER(Rascunho!C12) -> yola | D11: 10 | E11: 14 | F11: 10 | G11: =(D11+E11+F11)/3 -> 11.333333 | H11: =IF(G11>=10,"APROVADO","REPROVADO") -> APROVADO | I11: 45770
B12: =B11+1 -> 9 | C12: =LOWER(Rascunho!C13) -> paulina | D12: 5 | E12: 4 | F12: 11 | G12: =(D12+E12+F12)/3 -> 6.6666667 | H12: =IF(G12>=10,"APROVADO","REPROVADO") -> REPROVADO | I12: 45771
B13: =B12+1 -> 10 | C13: =LOWER(Rascunho!C14) -> matias | D13: 8 | E13: 13 | F13: 5 | G13: =(D13+E13+F13)/3 -> 8.6666667 | H13: =IF(G13>=10,"APROVADO","REPROVADO") -> REPROVADO | I13: 45772
B14: =B13+1 -> 11 | C14: =LOWER(Rascunho!C15) -> guilherme | D14: 2 | E14: 12 | F14: 2 | G14: =(D14+E14+F14)/3 -> 5.3333333 | H14: =IF(G14>=10,"APROVADO","REPROVADO") -> REPROVADO | I14: 45773
B15: =B14+1 -> 12 | C15: =LOWER(Rascunho!C16) -> rufina | D15: 20 | E15: 13 | F15: 20 | G15: =(D15+E15+F15)/3 -> 17.666667 | H15: =IF(G15>=10,"APROVADO","REPROVADO") -> APROVADO | I15: 45774
B16: =B15+1 -> 13 | C16: =LOWER(Rascunho!C17) -> carlos | D16: 19 | E16: 10 | F16: 11 | G16: =(D16+E16+F16)/3 -> 13.333333 | H16: =IF(G16>=10,"APROVADO","REPROVADO") -> APROVADO | I16: 45775
... B27: =B26+1 -> 24 | C27: =LOWER(Rascunho!C28) -> joyce gourgel | D27: 17 | E27: 2 | F27: 1 | G27: =(D27+E27+F27)/3 -> 6.6666667 | H27: =IF(G27>=10,"APROVADO","REPROVADO") -> REPROVADO | I27: 45786

Sheet Rascunho
B4: Nº | C4: NoMe | D4: nota1 | E4: nota2 | F4: nota3 | G4: média | H4: resultado | I4: DatA
C5: JulietA RodRIGUES
C6: RuTH
C7: mAriA
C8: MiGuel GoNsaLveS
C9: PaTricia
C10: MarTA FilLiPe
C11: MaUro
C12: yola
C13: paulina
C14: matias
C15: guilherme
C16: Rufina
... C28: joyce gourgel
